,CH1,CH2,CH3,CH4
0,-256,-1147,5777,-641
1,196,-1150,5632,-775
2,386,-1548,5880,-633
3,20,-1404,5760,-402
4,-265,-1272,5755,-117
5,-405,-1282,5884,12
6,-134,-1432,5526,-125
7,-520,-1538,5375,2
8,-190,-1531,5376,-248
9,38,-1391,5376,265
10,-662,-1120,5634,110
11,-365,-1029,5763,1
12,-11,-1135,5887,-135
13,-392,-1051,5743,-258
14,14,-1592,5620,-124
15,-249,-1528,5885,-129
16,-119,-1549,5496,20
17,-129,-1380,5494,259
18,-396,-1039,5508,229
19,-388,-1558,6303,-127
20,-507,-1514,5886,-276
21,-381,-1406,5731,-654
22,-636,-1586,4987,-728
23,-132,-1658,5269,-239
24,-146,-979,5253,-248
25,-294,-1282,5135,139
26,394,-1388,5895,382
27,-119,-1282,6126,103
28,-123,-1584,5513,-272
29,-6,-1527,5678,-253
30,-21,-1136,5873,-97
31,-383,-1433,5488,253
32,5,-1622,5912,257
33,253,-1291,6002,84
34,1,-1818,5755,-521
35,388,-1528,5487,-117
36,221,-1123,5622,-142
37,-126,-1153,6149,-137
38,3,-1442,5751,299
39,0,-1664,5642,384
40,-131,-1530,5761,-414
41,-392,-1536,5758,-240
42,0,-1542,5760,-258
43,-248,-1666,5762,-125
44,-246,-1511,5761,-274
45,139,-1277,5631,-637
46,-253,-1541,5633,-494
47,-128,-1410,5642,98
48,-249,-1542,6123,124
49,-260,-1537,6271,127
50,-136,-1537,5923,2
51,-2,-1303,5499,-25
52,-7,-1272,5612,411
53,138,-1501,5886,394
54,-113,-1663,6021,128
55,-127,-1573,5766,11
56,-248,-1410,5759,-137
57,-175,-1512,5756,-14
58,8,-1641,5987,506
59,-216,-1709,6144,637
60,-262,-1333,5941,534
61,-153,-1130,5623,-315
62,5,-1404,6015,-256
63,-497,-1281,5760,257
64,-156,-1534,6144,-2
65,-104,-1552,5541,248
66,-264,-1410,5573,0
67,9,-1404,6117,-862
68,-384,-1410,6291,-865
69,-384,-1294,5763,-139
70,-512,-1151,5892,531
71,-147,-1284,5494,627
72,-135,-1155,5376,-39
73,-256,-1536,5504,-126
74,-393,-1125,5615,-543
75,-641,-1137,6147,-353
76,-377,-1539,5900,276
77,-379,-1426,5768,-122
78,-374,-1282,6015,-254
79,-129,-1294,6030,-387
80,-257,-1023,6142,-341
81,-128,-1387,5614,260
82,-544,-1531,5763,369
83,-638,-1531,5741,124
84,25,-1651,5505,-5
85,-127,-1282,5631,2
86,-379,-1403,5384,-6
87,-122,-1153,5367,3
88,-289,-1552,5250,126
89,-503,-1422,5894,145
90,-124,-1151,5758,546
91,-250,-1280,6020,356
92,256,-1304,5637,130
93,-403,-1664,5370,120
94,-155,-1396,5498,-447
95,256,-1301,5935,-506
96,-155,-1662,6148,-209
97,1,-1283,5722,265
98,-297,-1568,5762,74
99,-382,-1664,5619,-244
100,-233,-1513,5243,324
101,22,-1279,5924,511
102,252,-1159,6268,665
103,-131,-1411,5830,771
104,-399,-1255,5250,338
105,-254,-1150,5396,-248
106,356,-1277,5623,-492
107,1662,-1024,5891,-126
108,3340,-897,5884,-256
109,6421,-506,6151,-127
110,8742,848,6019,-535
111,10240,2508,5883,-262
112,11622,3535,5885,-270
113,12404,4919,5767,-383
114,12152,5635,5379,-251
115,11790,5793,5730,-6
116,11539,5503,6115,-138
117,12028,5867,6279,-165
118,11777,5759,5831,370
119,11777,5593,5724,410
120,11642,5888,6151,26
121,11533,5505,5646,-602
122,10884,5766,5461,-436
123,10358,5178,5754,113
124,10830,5239,5745,1
125,10825,4956,5892,241
126,10501,4605,5652,-174
127,10606,4833,5745,-918
128,10737,4993,5758,-320
129,11084,4759,5770,40
130,11147,4612,5622,744
131,10908,4575,6124,264
132,10751,4860,6292,-144
133,10621,4480,5776,427
134,10627,4733,5749,1152
135,10372,4223,5888,2369
136,10733,4893,5782,3433
137,11264,4988,5504,4091
138,11007,4861,5632,3712
139,11373,4860,5508,3192
140,12075,5033,5883,3576
141,13536,5637,6017,3567
142,15166,6377,6015,3841
143,16503,7946,6017,3339
144,17464,8375,6017,2939
145,18307,9210,6022,2820
146,18454,8807,6142,2816
147,19367,9358,6146,3178
148,19731,9478,6279,3193
149,19976,9727,6403,3078
150,20321,9760,6399,2799
151,21132,10352,6402,2569
152,20985,10240,6396,2437
153,20824,10519,6255,2678
154,20286,10873,6277,2687
155,21530,10626,6681,2813
156,21324,11028,6656,2961
157,21236,10642,6811,3327
158,21153,10374,6744,2657
159,21787,10620,6390,2303
160,21716,10468,6528,2602
161,21101,10365,6383,2949
162,20979,10622,6534,3071
163,20876,10373,6742,3178
164,21297,10648,6281,3604
165,21086,10528,6824,3449
166,20336,9720,6660,2936
167,20613,9978,6903,3080
168,20331,9985,6527,2663
169,20609,10214,6810,2075
170,20751,10096,6655,1662
171,20730,9826,6527,1790
172,20340,10513,6524,1794
173,20478,10120,6541,2049
174,19873,10108,6913,1911
175,19070,9738,6770,1672
176,19455,9754,6785,1281
177,18824,10121,6474,1531
178,18831,9711,5885,1306
179,19186,9846,6420,529
180,19326,9727,6527,759
181,19191,9825,6805,786
182,19328,10225,6800,644
183,19140,10845,6119,629
184,19935,10757,6143,648
185,20235,10842,5894,369
186,20223,11103,5952,633
187,20685,11310,6384,395
188,20864,10896,6525,517
189,20968,11177,6528,198
190,21110,11297,6410,984
191,21057,11338,6400,646
192,20726,12384,6397,254
193,21200,12326,6314,255
194,21374,12030,5892,258
195,21626,11912,6258,559
196,21506,11914,6521,1411
197,21621,12281,6530,665
198,21376,12154,6410,507
199,20745,12034,6400,-391
200,21111,11776,6407,550
201,21143,12168,6272,757
202,20730,12388,6273,1157
203,20740,12031,6280,805
204,20607,12145,6415,504
205,20875,11768,6010,257
206,21149,11920,6272,264
207,21483,11897,6399,520
208,21629,11912,6400,768
209,21504,11898,6398,522
210,21349,11779,6273,117
211,20850,11906,6265,-129
212,21542,11741,6139,-127
213,21401,11651,6413,103
214,20993,11801,6393,491
215,21118,11904,6287,-134
216,20585,11912,6527,159
217,20870,12035,6266,127
218,20876,12031,6528,267
219,21248,11879,6395,115
220,20979,11679,6531,-288
221,20865,12162,6515,-387
222,20460,11836,6272,-363
223,20555,11649,6399,7
224,21389,11950,6141,95
225,20876,11897,6156,-549
226,20747,11529,6401,-892
227,21118,11905,6116,-486
228,20842,11625,6157,-132
229,20862,11647,6629,-258
230,21121,11694,7180,8
231,21120,12024,6826,-123
232,21116,11785,6012,137
233,20859,12032,6160,-4
234,20763,11424,6142,3
235,21245,10614,6423,-119
236,20989,8882,6656,-242
237,20989,7282,6359,0
238,20610,6317,6146,-419
239,21118,5247,6405,-492
240,20736,4981,6270,-105
241,21111,4723,6390,-140
242,21249,4631,6142,-383
243,21175,4991,6527,-256
244,20483,4726,6144,-383
245,20867,4851,6540,-127
246,21250,5123,6282,-397
247,21119,5101,6272,-508
248,21362,5503,6236,-641
249,21398,5425,6917,-310
250,21250,5116,6327,271
251,21338,5455,6015,-105
252,21414,5511,6376,-640
253,20829,5365,6781,-651
254,21701,5600,6674,-497
255,21539,5905,6531,-147
256,20972,5640,6422,385
257,21438,5857,6162,31
258,21499,5773,6012,-479
259,21652,5869,6135,-1457
260,21006,5891,6265,-1920
261,20870,5777,6272,-2752
262,20733,5504,6272,-3078
263,20988,5611,6273,-3802
264,20743,5761,6267,-4736
265,20748,5652,6277,-4878
266,20608,5261,6146,-4446
267,20991,4783,6268,-3970
268,20608,3975,6298,-3965
269,20966,3470,5886,-3705
270,20983,3197,6143,-3443
271,20992,2942,6021,-3327
272,21377,3211,6529,-3159
273,20999,3088,5875,-2685
274,21129,2817,5633,-2966
275,21370,3066,5635,-2817
276,21368,2793,5999,-2957
277,21001,2211,6536,-2942
278,20750,1920,6272,-2981
279,21120,2169,6546,-3460
280,21136,2172,6395,-3279
281,21633,2417,5877,-2814
282,21350,2793,6137,-2974
283,21121,2052,6267,-3055
284,20978,2457,6142,-2825
285,20863,2430,6135,-3206
286,21012,2299,5888,-3182
287,21253,2297,6152,-3072
288,21407,2429,6147,-3061
289,21498,2186,6035,-2943
290,20926,2358,6778,-3101
291,21015,2816,6595,-3329
292,21708,2554,5888,-3514
293,21630,2561,6285,-3686
294,21251,2576,6015,-2562
295,21504,2816,6450,-1921
296,21234,2678,6398,-2042
297,21241,2561,6138,-2080
298,20848,2315,6016,-2834
299,20985,2689,6161,-2170
300,20888,2553,6395,-2366
301,21505,2557,6156,-2689
302,21244,2441,6782,-2262
303,21504,2808,6613,-2046
304,21209,2803,6269,-2176
305,21118,2688,6533,-1907
306,21261,2932,6402,-1800
307,21118,2430,6536,-2047
308,20724,2570,6529,-2015
309,20989,2569,6379,-1665
310,21269,2434,6252,-1653
311,21511,2666,6780,-1507
312,21113,2686,6306,-2055
313,21004,2276,6134,-1938
314,20599,2689,6371,-1783
315,20979,2081,6765,-1430
316,21119,2176,7058,-1290
317,21119,2053,6693,-1216
318,21119,2176,6426,-2259
319,20999,2040,6271,-2614
320,20736,2297,6593,-1969
321,20841,2174,6791,-1580
322,21307,2419,6461,-1396
323,21688,2447,6274,-1778
324,21138,2329,6185,-1655
325,21247,1947,5899,-2277
326,20992,1915,6098,-2610
327,21363,2180,6409,-1775
328,21018,1929,6140,-1424
329,20994,2007,6520,-1133
330,20864,2304,6399,-1734
331,21112,2177,6655,-2306
332,20992,2300,6290,-2048
333,21222,1791,6279,-2043
334,21248,2179,6414,-1929
335,21145,1922,6142,-1531
336,20736,2432,6396,-1792
337,21115,1932,6238,-1289
338,21126,2078,6012,-1656
339,21623,2174,6394,-1430
340,21620,1632,5888,-1529
341,21250,1931,6543,-1660
342,21117,2551,6292,-1923
343,21118,1928,6164,-1914
344,21112,2376,6521,-2047
345,20863,2551,6510,-1657
346,20992,2164,6404,-2063
347,20865,2304,6522,-1803
348,21166,2153,6131,-1664
349,21379,2160,6023,-1663
350,21192,2299,6295,-1658
351,20734,2049,6540,-1649
352,21036,2313,6525,-2054
353,21119,2176,6394,-2202
354,21289,2305,6538,-1643
355,21221,2173,6456,-1536
356,20231,2449,6039,-1650
357,19388,2312,6695,-1275
358,17749,2054,6394,-1971
359,14653,2303,6284,-1652
360,12110,2030,6533,-1406
361,10684,1796,6633,-1291
362,9452,1791,6251,-1155
363,8293,1788,6149,-1544
364,8681,1920,6282,-1922
365,9645,1796,6559,-1571
366,9509,1803,6655,-1153
367,8959,2142,6503,-1398
368,9419,2166,6400,-1405
369,9725,1802,6533,-1522
370,9469,1940,6527,-1930
371,9852,2051,6521,-2049
372,9816,1780,6270,-1769
373,9612,1783,6126,-1151
374,10272,2196,6029,-1800
375,10367,2192,6405,-1793
376,10640,2057,6146,-1678
377,10875,2310,6413,-1046
378,10612,1928,6402,-1386
379,10009,1872,6267,-1921
380,10112,2299,6268,-1782
381,10332,2219,6403,-1985
382,10497,2048,6397,-914
383,10360,2140,6524,-1444
384,10621,2313,6459,-1308
385,10550,2075,6142,-1429
386,10356,2153,6481,-1913
387,10996,2249,6528,-1641
388,10338,1817,6350,-1165
389,9663,1997,6906,-1322
390,9174,1933,6561,-1886
391,7670,1699,6532,-2323
392,5389,1149,6199,-1925
393,4198,902,5896,-1716
394,2782,906,5840,-1013
395,1799,1386,6510,-1514
396,1664,1529,6321,-1535
397,1125,1407,6144,-1775
398,393,1515,6161,-1785
399,-232,1158,5888,-1654
400,-524,1983,6265,-1646
401,-665,1790,6274,-1120
402,-395,1935,6638,-2075
403,-904,1644,6511,-2050
404,-595,1249,5888,-2034
405,-612,993,5636,-1527
406,-894,611,5886,-1549
407,-498,647,5500,-1664
408,-256,942,5861,-1941
409,-383,1157,6135,-2563
410,-235,1154,5883,-1881
411,112,1293,6143,-1419
412,243,1583,5887,-1287
413,-258,1787,6152,-1677
414,-245,1501,5755,-2045
415,-259,1409,5513,-1793
416,-99,1402,5890,-1921
417,258,1420,6144,-1657
418,-139,1683,6014,-1670
419,-1,1533,5874,-1664
420,-130,1255,5629,-1475
421,105,1151,6034,-893
422,399,1194,6012,-1203
423,640,1537,5890,-1548
424,651,1411,6252,-1658
425,1137,1532,6650,-1250
426,1149,1290,6114,-932
427,1404,1526,5912,-1658
428,1921,1151,6148,-1499
429,1661,1849,6001,-1410
430,1259,2016,6019,-1407
431,762,1399,6004,-1410
432,380,963,6009,-1389
433,509,639,6553,-1147
434,512,912,6385,-1399
435,382,764,5733,-1024
436,-2,647,5891,-1591
437,-133,768,5715,-1916
438,0,487,5486,-1644
439,-372,385,6160,-1393
440,-636,533,5764,-1025
441,-260,768,5890,-1405
442,-510,637,5886,-1536
443,-384,644,5875,-1647
444,-379,373,5739,-1652
445,-507,371,6530,-1401
446,-522,385,6439,-1668
447,-357,138,6012,-1023
448,-753,243,6030,-1568
449,-662,297,5760,-1171
450,-641,-113,6009,-1280
451,-436,-184,5776,-1684
452,-41,118,5710,-951
453,400,32,6385,-630
454,39,54,6265,-1139
455,85,513,6534,-1535
456,34,175,5945,-1530
457,-387,112,5994,-1898
458,-129,242,6179,-1664
459,-570,505,5645,-853
460,-776,387,5250,-383
461,-541,344,5472,-743
462,-258,888,5990,-1536
463,-272,687,6015,-1672
464,0,383,6141,-1378
465,-265,626,5897,-899
466,-512,642,5607,-895
467,-396,397,6280,-770
468,-106,259,6145,-1058
469,384,636,6022,-1277
470,117,509,6153,-1107
471,1,529,5759,-497
472,4,1,6127,-709
473,132,615,6254,-1276
474,-138,501,5886,-1559
475,-131,512,6151,-1791
476,17,516,6016,-1079
477,256,655,6265,-764
478,231,241,5889,-362
479,-388,387,6274,-649
480,-653,-23,5767,-1024
481,-895,-2,5761,-755
482,-902,-146,5634,-931
483,-882,-385,5768,-1288
484,-366,-248,5889,-1214
485,-516,-132,6014,-506
486,-520,-146,5761,-770
487,-640,-507,6035,-373
488,-505,-364,6271,-683
489,-507,-384,6110,-1032
490,-390,-515,5634,-1279
491,-641,-505,5783,-1009
492,-428,-381,5764,-892
493,-18,-507,5494,-759
494,-528,-642,5633,-499
495,-258,-640,5768,-803
496,-495,-766,6019,-1439
497,8,-511,5763,-1148
498,-412,-383,6149,-880
499,-513,-382,5995,-648
500,-517,-240,5762,-393
501,-382,-129,5366,-889
502,131,-271,5621,-1002
503,-505,-384,5898,-770
504,-746,4,6023,-1040
505,-512,-386,5916,-1024
506,-630,-382,6531,-1058
507,-259,-506,5447,-1406
508,-403,-659,5723,-1117
509,-636,-678,5899,-791
510,-499,-128,5256,-775
511,-7,-538,5725,-1284
512,-309,253,5995,-737
513,-525,181,6272,-388
514,0,-387,5933,-267
515,-497,-532,5782,7
516,-497,-383,5490,-364
517,-375,-417,5882,-632
518,-768,-7,5767,-642
519,-538,-335,5889,-454
520,-474,-500,5620,100
521,-706,-900,5992,-17
522,-143,-646,5714,-732
523,-373,-894,5477,-783
524,-25,-517,6070,-781
525,-4,-595,6540,-358
526,130,-777,6038,12
527,-119,-388,6014,-560
528,-2,-647,5891,-870
529,-354,-511,6014,-1210
530,-390,-774,5894,-384
531,-233,-1033,5891,-618
532,-509,-633,5901,-643
533,-390,-768,5905,-761
534,-522,-777,6528,-768
535,-521,-1406,5844,-785
536,-125,-1011,5885,-272
537,-383,-1281,5881,88
538,-249,-1147,5759,151
539,-256,-1148,5757,-892
540,-393,-625,5512,-372
541,-512,-764,5523,-868
542,-380,-781,5757,-764
543,-246,-1028,5924,2
544,22,-865,6405,-543
545,-18,-387,6123,-635
546,-288,-307,6018,-899
547,-383,-1010,5858,-643
548,-236,-761,5504,-775
549,-129,-920,5760,-646
550,-104,-1265,5503,-771
551,-9,-635,5628,-680
552,-239,-674,5513,-121
553,284,-899,5917,-385
554,392,-617,5897,-380
555,508,-632,6162,-384
556,65,-1196,6144,-542
557,-516,-1160,6135,-768
558,-407,-491,5882,-495
559,-758,-601,5621,-134
560,-226,-1019,5924,-124
561,-384,-524,6253,-133
562,54,-645,6026,-649
563,241,-641,6389,-401
564,-188,-776,5885,-249
565,-256,-883,6153,116
566,25,-890,5887,123
567,-137,-642,5997,-113
568,-656,-928,5499,-525
569,-388,-1156,5758,-637
570,-411,-891,5375,-383
571,-638,-1021,5531,-632
572,-373,-876,5627,-896
573,-386,-756,5665,-644
574,-261,-1183,6147,-381
575,-514,-1425,5611,-523
576,-119,-1033,5629,-257
577,3,-961,5621,-703
578,0,-1413,5502,-1033
579,-89,-711,5633,-573
580,-259,-994,5504,-136
581,-3,-1541,5631,-97
582,-253,-1198,5614,-365
583,-375,-1007,5761,-629
584,-509,-1142,5524,-523
585,-430,-1250,5629,-182
586,-142,-1395,5976,105
587,-137,-1350,6148,129
588,-7,-1157,5814,-853
589,-105,-1150,5377,-872
590,-256,-1152,5609,-260
591,-266,-1146,5511,-164
592,-239,-1137,5473,392
593,-634,-757,5763,-218
594,-384,-1436,5590,-641
595,-394,-1412,6400,-784
596,-132,-1015,6554,-365
597,-1,-1023,6016,-127
598,-3,-729,5632,-125
599,-115,-642,5900,-95
600,-411,-978,5902,-652
601,-765,-1268,5758,-640
602,-342,-894,5760,-482
603,-151,-1313,5498,274
604,134,-1244,5256,506
605,148,-1021,6283,143
606,791,-1016,6029,-527
607,1150,-902,6168,-645
608,3957,-878,6167,-498
609,6423,-317,5619,-137
610,8801,963,5900,23
611,10763,2670,6006,118
612,11695,4401,5757,-552
613,11898,5408,5645,-389
614,11525,5484,5759,-403
615,11777,5540,5354,-787
616,11670,6190,5384,-1130
617,12414,6012,5769,-623
618,11606,5873,5762,-441
619,11264,5759,5903,255
620,11261,5744,5884,-292
621,11139,5500,5104,-124
622,10872,5384,5240,-407
623,10638,5368,5410,-377
624,10355,5128,6046,-81
625,10492,5375,6230,13
626,10750,5076,5742,-1001
627,10367,4985,5780,-1122
628,10644,4709,5886,-460
629,10489,4612,5743,140
630,10105,5037,5631,413
631,10593,5120,5772,646
632,11131,5104,5889,107
633,10494,4862,5732,256
634,10883,4862,5637,701
635,10638,4734,6014,1925
636,10496,4754,5753,3549
637,10491,5130,6140,3958
638,10773,5245,5757,3587
639,11496,5245,6269,3838
640,11897,5400,5385,3705
641,13580,6358,5785,3710
642,15049,7334,5880,3571
643,16450,7991,6144,3214
644,17864,9083,5895,2944
645,18616,9404,6296,3155
646,19157,8836,6807,3589
647,19579,9253,6145,3331
648,19576,9595,6391,3200
649,19893,9784,6265,2323
650,20430,10212,6976,2734
651,21069,10283,7177,2817
652,21204,10078,6933,3069
653,21799,10551,6789,2971
654,21800,10717,6868,2203
655,21382,11230,7175,1978
656,21503,11144,6610,2816
657,21291,11143,6274,3076
658,21118,10755,6145,3207
659,21137,10490,6256,3470
660,20865,10624,6611,2560
661,21107,10403,6908,2424
662,20992,10233,6909,2578
663,20990,10630,6917,2942
664,20736,10117,6421,2947
665,20633,10106,6533,3065
666,20224,10111,6783,2506
667,20736,10110,6647,2176
668,20871,10244,6391,2012
669,21005,10122,6786,1671
670,20347,9854,6537,2223
671,20850,9960,6539,1928
672,20724,10377,6779,1522
673,20488,10373,6763,1539
674,19780,10233,6527,1650
675,19328,9854,6663,1408
676,19185,10131,6786,1546
677,18942,9988,7027,1273
678,18821,9995,6656,900
679,18817,10236,6903,856
680,18572,10362,6279,96
681,19221,10109,6675,389
682,19468,10252,6525,388
683,19591,10607,6668,511
684,19922,11013,7041,363
685,20611,10763,6513,392
686,20458,10932,6654,355
687,20618,11264,6513,-3
688,20928,10880,6526,-21
689,21248,11292,6510,-108
690,20974,11533,6273,404
691,21124,11645,6439,117
692,21144,11798,6655,311
693,21239,12032,6526,766
694,20721,11728,6771,507
695,21289,11778,6889,899
696,21492,12300,6130,866
697,21247,12157,6165,642
698,21395,12314,6144,634
699,21503,12418,6023,388
700,21246,12141,6269,267
701,21377,11904,6280,520
702,21106,12052,6530,349
703,21377,12030,6131,-128
704,21491,11648,6393,295
705,21249,12021,6645,381
706,21111,11871,6394,948
707,20993,11639,6778,973
708,21128,11905,6439,-11
709,21255,11915,6019,114
710,21000,11904,6233,135
711,21494,11918,6526,710
712,21377,11647,6499,1022
713,21124,11705,6777,718
714,20982,12160,6467,-97
715,20739,11586,6024,-416
716,20736,11498,5826,-21
717,20588,11883,6392,91
718,21194,11790,6040,389
719,21187,11714,6264,-153
720,20876,12144,5918,-502
721,20835,12039,6022,-550
722,21120,12159,5751,-175
723,21047,12048,6357,206
724,21615,12029,6649,392
725,21200,12048,6902,-31
726,20991,11765,7038,-605
727,21112,11649,6808,-920
728,21241,11776,6386,-512
729,21604,11648,6913,-277
730,21633,11779,6424,247
731,21522,11775,6537,158
732,21105,12037,6405,-256
733,21111,11930,6297,-250
734,21506,10925,6658,-270
735,21372,10103,5868,468
736,21772,8696,5892,276
737,21507,7029,6020,-251
738,20996,6198,6146,-401
739,21375,5268,6171,-791
740,20848,5270,6651,257
741,21016,5112,6518,33
742,21378,4979,6664,8
743,21254,4864,6644,122
744,21524,4973,6396,247
745,21369,4608,6399,-118
746,21240,4870,6409,-282
747,21256,4865,6514,-759
748,21551,5151,6405,-375
749,21480,5507,6779,124
750,20832,5592,6256,138
751,21292,5114,6297,511
752,21638,5661,6411,-26
753,21639,5513,6539,-381
754,21744,5536,6395,-353
755,21509,6013,6001,136
756,21746,6006,6279,388
757,21224,5773,6522,404
758,21092,5632,6403,-53
759,20731,5638,6518,-906
760,21041,5504,6410,-2243
761,21387,5754,6805,-3520
762,21365,5752,6521,-3986
763,21247,5635,6404,-4360
764,21128,5630,6399,-3966
765,21513,5521,6268,-4339
766,21903,5216,6411,-4078
767,21639,4751,6522,-3713
768,20953,4060,6400,-3839
769,21002,3464,6500,-3589
770,21105,3446,6016,-3325
771,20985,3101,6559,-2947
772,21643,2951,6524,-2811
773,21492,3191,6641,-3275
774,21752,3078,5895,-3592
775,20665,2852,5897,-3103
776,20992,2563,6011,-3072
777,21179,2745,6287,-2835
778,20865,2956,6404,-2818
779,21098,2356,6274,-2834
780,20996,2507,6053,-3567
781,20828,2734,6001,-3237
782,21241,2329,6483,-3446
783,21216,2359,6528,-3171
784,21620,2577,6387,-2923
785,21304,2331,6528,-3411
786,21141,2422,6388,-3340
787,20741,2554,6658,-3337
788,21244,2559,6304,-3199
789,21782,2311,6395,-3231
790,21251,2305,6304,-2673
791,21629,2301,6023,-2925
792,21120,2440,6108,-3074
793,21278,2560,6400,-2984
794,21883,2573,6403,-2283
795,21656,2681,6400,-2182
796,21234,2148,6399,-2047
797,20862,2568,6395,-2278
798,21135,2626,6270,-2288
799,21248,2174,6403,-1919
800,21410,2620,6400,-2312
801,21644,2803,6529,-1906
802,21368,2704,6524,-1954
803,21371,3085,6272,-2436
804,20976,3023,6515,-2045
805,21096,2825,6657,-2306
806,21537,2907,6657,-1766
807,21654,2417,6512,-1547
808,20984,2601,6271,-1274
809,21377,2829,6566,-1411
810,21351,2752,6652,-1415
811,21108,2168,6128,-1787
812,21005,2296,6529,-2025
813,21374,2056,6513,-1670
814,21089,2467,6401,-2218
815,20610,2302,6672,-1734
816,20888,2328,6788,-1003
817,21475,2301,6522,-1419
818,21763,1895,6527,-1677
819,21516,2049,6263,-1942
820,20855,1883,6385,-2147
821,20975,1793,6802,-1517
822,21251,2107,6787,-1381
823,21373,2417,6900,-1269
824,21760,1885,6362,-2101
825,21243,2199,5875,-2066
826,20995,2008,6152,-2424
827,20990,1663,6400,-1917
828,20881,1984,6397,-2178
829,21247,2176,6665,-1799
830,21122,1909,6390,-1932
831,21373,2183,5849,-1792
832,20733,2419,5898,-1677
833,21103,2046,6566,-1917
834,21376,2038,6420,-1654
835,21763,1791,5865,-1656
836,21242,2065,6008,-1271
837,21389,1928,6530,-1533
838,20992,1800,6404,-1798
839,21377,2169,6410,-1926
840,21264,2176,6651,-1929
841,21114,2299,6656,-2176
842,21367,2303,6673,-1799
843,21193,2444,6263,-1527
844,20841,2075,6263,-1663
845,21576,1878,6399,-1415
846,21412,2292,6538,-1408
847,21414,2304,6147,-1404
848,22106,2425,6392,-1552
849,21953,2330,6268,-1544
850,20912,2286,6536,-1278
851,21248,2337,6154,-1513
852,21514,2078,6486,-2026
853,21270,2024,6419,-2454
854,20996,2183,6063,-1920
855,20865,1924,6003,-1572
856,20645,2174,6657,-1280
857,19779,2294,6264,-1642
858,18031,2431,7004,-2176
859,14627,2313,6557,-1923
860,11904,2303,6523,-1894
861,10486,2197,6404,-1034
862,9216,1795,6283,-1049
863,8421,1782,6006,-1805
864,9113,2050,5632,-2036
865,9344,2048,5894,-1793
866,9729,2049,6008,-1793
867,9229,1929,6407,-1656
868,9231,1662,6653,-1526
869,9724,1763,6514,-1659
870,9461,2177,6274,-2057
871,9470,1924,6275,-1788
872,9643,2047,6530,-1392
873,10368,1676,6896,-1538
874,10357,1827,6140,-1514
875,10498,2048,6282,-1278
876,11002,1909,6142,-1289
877,10370,1918,6414,-1420
878,10531,2050,6542,-1719
879,10752,1917,6402,-1909
880,10754,1807,6657,-1433
881,10744,2180,6652,-2041
882,10302,1634,6654,-1360
883,10115,1767,6775,-1824
884,10369,2036,6401,-1764
885,10106,1792,6400,-1666
886,10286,2047,6150,-1958
887,10367,1791,6059,-1901
888,10091,2061,6654,-1507
889,9831,1802,6216,-1269
890,8823,1521,6145,-1032
891,7246,1409,6007,-1427
892,5277,1238,5763,-1699
893,3909,895,5756,-1920
894,2861,1038,5768,-1619
895,1786,1288,6154,-1163
896,1395,1390,5889,-767
897,1022,1147,5910,-1269
898,866,1551,6144,-1816
899,260,1664,6014,-1789
900,-314,1908,6142,-1656
901,-641,1406,6003,-1536
902,-500,1544,5887,-1856
903,-513,1314,6021,-2304
904,-386,636,5897,-2024
905,-628,1141,5883,-1827
906,-765,767,6254,-1404
907,-638,934,6282,-1647
908,-768,1535,6048,-1657
909,-520,1175,5877,-1535
910,-512,1281,6366,-1657
911,-644,1398,6282,-1800
912,-372,1538,6386,-1782
913,-263,1553,6276,-2071
914,-2,1407,6230,-1461
915,110,1533,6412,-1352
916,392,1414,5813,-1662
917,123,1494,6068,-1367
918,377,1665,6436,-1220
919,52,1544,5937,-2080
920,-238,1536,5754,-1219
921,-613,1421,5870,-1473
922,-420,1288,6144,-1197
923,188,1230,6016,-946
924,639,1798,6254,-1739
925,1035,1404,6282,-2167
926,644,1280,6019,-2048
927,926,1273,6147,-1441
928,1530,1403,6143,-1152
929,1321,1282,6138,-1390
930,762,1798,5765,-1536
931,898,1557,5782,-1550
932,637,858,6016,-1400
933,1016,639,5893,-1695
934,1141,781,6274,-1036
935,897,900,6006,-1150
936,722,858,5888,-1158
937,-509,17,5888,-1654
938,-245,24,6129,-1407
939,-409,130,6521,-820
940,-781,262,6141,-529
941,-616,382,6410,-1143
942,-540,793,5989,-1005
943,-630,773,5511,-1011
944,-435,630,6046,-1447
945,-1154,253,6149,-1900
946,-392,390,6402,-1915
947,5,255,6205,-1547
948,-40,413,5622,-1533
949,-394,519,5803,-1150
950,-385,104,5873,-913
951,-230,0,5767,-1535
952,113,15,6150,-1118
953,-540,255,6370,-1282
954,-465,112,5884,-1292
955,-126,-131,6033,-1670
956,-431,151,6021,-1259
957,-780,268,6141,-1412
958,-875,3,6017,-1539
959,-646,503,6151,-1436
960,-720,376,6013,-1023
961,-127,590,6033,-1279
962,-412,900,6273,-878
963,-252,778,6240,-639
964,-113,628,5618,-774
965,-248,632,5763,-764
966,-905,1161,5502,-520
967,-368,904,5401,-1141
968,-405,765,5763,-1275
969,-515,652,5483,-1021
970,-251,505,5619,-1411
971,-380,501,5898,-694
972,-252,517,6141,-632
973,-141,250,6274,-877
974,0,508,6030,-1024
975,-99,415,5627,-911
976,-251,263,5871,-658
977,-370,7,5888,-220
978,-511,119,6013,-852
979,-551,101,5781,-1154
980,-372,275,5386,-1040
981,-1104,-329,5502,-459
982,-919,-152,5694,-470
983,-1104,-317,6267,-1022
984,-955,1,5927,-777
985,-270,-495,5872,-1198
986,-512,-128,5901,-1170
987,-260,-361,5764,-189
988,-510,-500,5730,-156
989,-157,-245,6132,-984
990,-256,-646,6141,-1405
991,-529,-135,6144,-1169
992,-259,106,5650,-1159
993,-487,-519,5632,-943
994,-766,-461,5498,-247
995,-522,-259,6029,-702
996,-505,-679,5783,-1285
997,-118,-641,5632,-1405
998,1,-772,5760,-1496
999,-97,-473,5886,-363
1000,-524,-287,5630,-551
